{
  "model_name": "final_conditional_rec_b",
  "display_name": "Final Conditional (Rec B: broad X, lab W, decision Z)",
  "model_kind": "final_conditional",
  "fit_time_sec": 15.179903984069824,
  "x_dim": 6,
  "w_dim": 4,
  "z_dim": 4,
  "implemented_w_dim": 4,
  "implemented_z_dim": 4,
  "bootstrap_reps": 0,
  "n_subjects": 1083,
  "cate_mean": 5.4838443084015305,
  "cate_std": 14.38879892019129,
  "cate_min": -26.242971386200956,
  "cate_q25": -2.9843244244436864,
  "cate_median": 2.6376138350348315,
  "cate_q75": 10.281532571151162,
  "cate_max": 46.93218164193581,
  "age_peak_year": 43.0,
  "age_peak_cate_days": 4.381882979856135,
  "blp_age_only_coef": 1.5121765954053674,
  "blp_age_only_se": 1.4401035989492046
}