rank,name,avg_pred_cate,avg_true_cate,avg_rmse,avg_mae,avg_pearson_correlation,avg_bias,avg_sign_precision,avg_total_time
1,Final Conditional Oracle,0.12037542670781821,0.12384894988974225,0.05160558571730316,0.03803007223328667,0.7493101313316245,-0.0034735231819240492,0.9714012784090909,0.5129447064616464
2,Final Conditional,0.0846734079708784,0.12384894988974225,0.09936742216670207,0.07678751372380091,0.4389310515974623,-0.03917554191886386,0.8401998106060606,22.320136768348288
3,Revised Conditional,0.10911393405299331,0.12384894988974225,0.16615388048710383,0.12468573029191583,0.1949416026654429,-0.014735015836748945,0.8020063920454545,2.329407322587389
