target,horizon_label,horizon_order,name,avg_horizon,avg_pred_cate,avg_true_cate,avg_rmse,avg_mae,avg_pearson_correlation,avg_bias,avg_sign_precision,avg_total_time,case_count
survival.probability,SURV-Q90,1,Final Marginal Oracle,0.7801927445717518,0.06678018019960756,0.06750924582006798,0.03610729464324916,0.027450595002783296,0.6942450012254012,-0.0007290656204604212,0.9295345643939393,0.4759414783029845,264
survival.probability,SURV-Q90,1,Final Marginal,0.7801927445717518,0.04514999552494492,0.06750924582006798,0.06202975372871738,0.049482923776333836,0.3725535788160673,-0.022359250295123066,0.8034446022727273,15.841803044080734,264
survival.probability,SURV-Q90,1,Revised Marginal,0.7801927445717518,0.047506205243434796,0.06750924582006798,0.06759682756908882,0.05616451672311606,0.2048250094183063,-0.020003040576633192,0.8115617897727272,1.577351711916201,264
