{
  "model_name": "final_conditional_rec_b",
  "display_name": "Final Conditional (Rec B: broad X, lab W, decision Z)",
  "model_kind": "final_conditional",
  "fit_time_sec": 15.523461818695068,
  "x_dim": 6,
  "w_dim": 4,
  "z_dim": 4,
  "implemented_w_dim": 4,
  "implemented_z_dim": 4,
  "bootstrap_reps": 200,
  "n_subjects": 1083,
  "cate_mean": 5.48384430840153,
  "cate_std": 14.38879892019129,
  "cate_min": -26.24297138620096,
  "cate_q25": -2.984324424443685,
  "cate_median": 2.637613835034832,
  "cate_q75": 10.281532571151164,
  "cate_max": 46.932181641935806,
  "age_peak_year": 43.0,
  "age_peak_cate_days": 4.381882979856133,
  "blp_age_only_coef": 1.5121765954053659,
  "blp_age_only_se": 1.4401035989492046
}