target,model,num_rows,weighted_signed_bias,weighted_abs_bias,worst_abs_bias,median_abs_bias
RMST,Final Conditional Oracle,5280,-0.0006657820679639995,0.03668548817145911,0.3130334547847621,0.02614813248463926
RMST,Final Conditional,5280,-0.03608454212333258,0.06602326297600825,0.49055576961682656,0.040410267815483854
RMST,Revised Conditional,5280,-0.011873671864893263,0.09575165680506194,0.9716376102102515,0.06879447669872804
survival.probability,Final Conditional Oracle,5280,0.00040854282735056715,0.02590291275898195,0.16695111227730958,0.019928447953519245
survival.probability,Final Conditional,5280,-0.020303766687186472,0.03972467285860287,0.26117428660352016,0.027478507963389354
survival.probability,Revised Conditional,5280,-0.015743452080221664,0.04500316112023996,0.2986471685913425,0.03206189586934991
