{
  "model_name": "final_conditional_rec_a",
  "display_name": "Final Conditional (Rec A: profile X, severity W, history Z)",
  "model_kind": "final_conditional",
  "fit_time_sec": 15.594814538955688,
  "x_dim": 5,
  "w_dim": 6,
  "z_dim": 3,
  "implemented_w_dim": 6,
  "implemented_z_dim": 3,
  "bootstrap_reps": 0,
  "n_subjects": 1083,
  "cate_mean": 5.934592869486367,
  "cate_std": 12.746212982458998,
  "cate_min": -23.35704089410873,
  "cate_q25": -1.932671374471779,
  "cate_median": 3.566305077511878,
  "cate_q75": 13.233976520179654,
  "cate_max": 43.32562911519995,
  "age_peak_year": 46.0,
  "age_peak_cate_days": 4.784478930933837,
  "blp_age_only_coef": 1.4357051932470484,
  "blp_age_only_se": 1.441902530648058
}