target,horizon_label,horizon_order,name,avg_horizon,avg_pred_cate,avg_true_cate,avg_rmse,avg_mae,avg_pearson_correlation,avg_bias,avg_sign_precision,avg_total_time,case_count
survival.probability,SURV-Q90,1,Final Conditional Oracle,0.7801927445717518,0.06678018019960756,0.06750924582006798,0.03610729464324916,0.027450595002783296,0.6942450012254012,-0.0007290656204604212,0.9295345643939393,0.4911726785428596,264
survival.probability,SURV-Q90,1,Final Conditional,0.7801927445717518,0.04533769829597556,0.06750924582006798,0.06128112600882412,0.04905163262923788,0.39679205236832527,-0.02217154752409243,0.8031453598484848,17.56867240504785,264
survival.probability,SURV-Q90,1,Revised Conditional,0.7801927445717518,0.050565926343767026,0.06750924582006798,0.07876558472681038,0.0641526543471919,0.1794298536875613,-0.016943319476300955,0.7894460227272727,2.2755065993829207,264
