name,avg_rmse,avg_mae,avg_pearson,avg_bias,avg_sign_precision,avg_total_time
Final Conditional PCI Surv-Only,0.06626235105742563,0.05609265435209943,0.16658066319964512,-0.027085147866458742,0.8282694128787879,20.550900067343857
Final Conditional PCI X-Only,0.07250793523474351,0.061317966965473855,0.0657824034813807,-0.02707902926776021,0.8159050662878787,20.53075077226668
Proper No PCI Conditional,0.08440219807009662,0.07284432194962602,0.07362326680586728,-0.052352778230563744,0.7273439867424242,14.326290956049254
