{
  "model_name": "r_csf_x14",
  "display_name": "R-CSF Baseline (All 14 in X)",
  "model_kind": "r_csf",
  "fit_time_sec": 21.320449590682983,
  "x_dim": 14,
  "w_dim": 0,
  "z_dim": 0,
  "implemented_w_dim": 0,
  "implemented_z_dim": 0,
  "bootstrap_reps": 200,
  "n_subjects": 1083,
  "cate_mean": 9.684900026234821,
  "cate_std": 13.687488195379265,
  "cate_min": -18.8748360858442,
  "cate_q25": -0.325138881116809,
  "cate_median": 7.48007533805621,
  "cate_q75": 17.61068103177595,
  "cate_max": 55.4694751298801,
  "age_peak_year": 47.0,
  "age_peak_cate_days": 14.4321814634768,
  "blp_age_only_coef": 0.978226368261264,
  "blp_age_only_se": 1.3496513857969623
}