target,model,cells,mean_signed_bias,mean_abs_bias,mean_relative_bias,median_relative_bias,mean_abs_relative_bias
RMST,Final Conditional Oracle,264,-0.003473523181924043,0.01788246382478504,0.00798985044604514,-0.03687373218143422,0.22162216522281042
RMST,Final Conditional,264,-0.039175541918863854,0.055123307285363216,-0.23374884455146544,-0.19727864976263593,0.5285289004153712
RMST,Revised Conditional,264,-0.01473501583674894,0.08418030119817442,0.0696187150796919,-0.0626002223661605,0.9937902680480003
survival.probability,Final Conditional Oracle,264,-0.0007290656204604124,0.012605700563271597,-0.004586163031253382,-0.026161655513579733,0.264487399351786
survival.probability,Final Conditional,264,-0.022171547524092405,0.0306796397465398,-0.31824333729356036,-0.18759465679405604,0.5193587429203019
survival.probability,Revised Conditional,264,-0.01694331947630095,0.03709384890381098,-0.23844129759595334,-0.1627798653123536,0.694176768179386
