target,model,cells,mean_signed_bias,mean_abs_bias,mean_relative_bias,median_relative_bias,mean_abs_relative_bias
RMST,Final Conditional Oracle,5280,-0.0006661338087774221,0.03792290491138443,0.2539891423390511,0.00484843048015303,0.5371654798645836
RMST,Final Conditional,5280,-0.03608484701797605,0.06681797722586127,-0.049216289974642544,-0.18614097376028627,0.7618614061241924
RMST,Revised Conditional,5280,-0.011874166463834556,0.0964294420794604,0.33124455293801897,-0.05320145868734685,1.4006465045283354
survival.probability,Final Conditional Oracle,5280,0.0004086794291643279,0.026746476313532053,5038.389022063901,-0.010700402810571254,5038.811594113181
survival.probability,Final Conditional,5280,-0.020304534774414292,0.040265963547642836,4591.387664719318,-0.2385612480051878,4689.970344317259
survival.probability,Revised Conditional,5280,-0.015744574680965392,0.045507018028441794,5265.569015779956,-0.17928189756211538,5470.44479664235
