{
  "model_name": "final_conditional_x14",
  "display_name": "Final Conditional (All 14 in X)",
  "model_kind": "final_conditional",
  "fit_time_sec": 15.686610460281372,
  "x_dim": 14,
  "w_dim": 0,
  "z_dim": 0,
  "implemented_w_dim": 1,
  "implemented_z_dim": 1,
  "bootstrap_reps": 0,
  "n_subjects": 1083,
  "cate_mean": 2.3159671806039666,
  "cate_std": 11.783463980138317,
  "cate_min": -27.40335817273972,
  "cate_q25": -4.35076466482373,
  "cate_median": 0.7236908292385569,
  "cate_q75": 7.182293655944883,
  "cate_max": 34.67408506894263,
  "age_peak_year": 46.0,
  "age_peak_cate_days": 8.373733703393098,
  "blp_age_only_coef": 2.04649038560532,
  "blp_age_only_se": 1.4540190251662826
}