{
  "model_name": "final_conditional_x12_w2_z2",
  "display_name": "Final Conditional (X=12 baseline, W=2 immune, Z=2 selection)",
  "model_kind": "final_conditional",
  "fit_time_sec": 16.211544036865234,
  "x_dim": 12,
  "w_dim": 2,
  "z_dim": 2,
  "implemented_w_dim": 2,
  "implemented_z_dim": 2,
  "bootstrap_reps": 0,
  "n_subjects": 1083,
  "cate_mean": 3.7618107951361814,
  "cate_std": 10.938537264469549,
  "cate_min": -25.802560774073235,
  "cate_q25": -2.1791167720110867,
  "cate_median": 3.1182115809586706,
  "cate_q75": 8.819282188550899,
  "cate_max": 34.93964709234612,
  "age_peak_year": 62.0,
  "age_peak_cate_days": 6.36824910454267,
  "blp_age_only_coef": 1.5093518661742629,
  "blp_age_only_se": 1.429519859789212
}